year,make,model,trim,body,transmission,vin,state,condition,odometer,color,interior,seller,mmr,sellingprice,saledate,Sale time
2015,Kia,Sorento,LX,SUV,automatic,5xyktca69fg566472,ca,5,16639,white,black,kia motors america  inc,20500,21500,Tue Dec 16 2014,12:30:00 GMT-0800 (PST)
2014,BMW,3 Series,328i SULEV,Sedan,automatic,wba3c1c51ek116351,ca,45,1331,gray,black,financial services remarketing (lease),31900,30000,Thu Jan 15 2015,04:30:00 GMT-0800 (PST)
2013,Infiniti,G Coupe,G37 Sport,G Coupe,automatic,jn1cv6ek4dm921604,ca,45,14716,white,black,nissan infiniti lt,25900,25000,Thu Dec 18 2014,12:30:00 GMT-0800 (PST)
2012,,,NA,NA,automatic,wbakb8c51cc964387,ca,38,23208,gray,black,financial services remarketing (lease),47200,46000,Thu Feb 26 2015,04:30:00 GMT-0800 (PST)
2011,BMW,3 Series,328i,Coupe,automatic,wbake3c57be768905,ca,28,31272,white,black,financial services remarketing (lease),20700,21750,Thu Dec 18 2014,12:30:00 GMT-0800 (PST)
2010,Chevrolet,Aveo,1LT,Sedan,automatic,kl1td5de3ab111157,ca,37,55666,red,black,repo remarketing/twin star credit union,5150,5900,Wed Dec 17 2014,12:30:00 GMT-0800 (PST)
2009,Acura,MDX,Base,SUV,automatic,2hnyd28859h509923,ca,42,100258,white,tan,nvp remarketing,18550,18250,Tue Dec 16 2014,12:00:00 GMT-0800 (PST)
2008,Chevrolet,Express Cargo,2500,Van,automatic,1gcgg25k981222025,ca,3,87068,black,gray,tradewinds remarketing,10250,11400,Tue Dec 30 2014,12:30:00 GMT-0800 (PST)
2007,BMW,3 Series,328xi,Coupe,automatic,wbawc33587pd05676,ca,19,119085,black,beige,lobel financial corp,7475,8200,Wed Dec 17 2014,12:30:00 GMT-0800 (PST)
2006,BMW,3 Series,325i,Sedan,automatic,wbavb13506kx35312,ca,36,124150,black,black,felix chevrolet & cadillac,5925,6000,Wed Dec 17 2014,12:15:00 GMT-0800 (PST)
2005,Acura,TL,3.2,Sedan,automatic,19uua66265a027023,ca,29,117227,silver,black,time finance co,6500,7600,Wed Dec 17 2014,12:05:00 GMT-0800 (PST)
2004,Audi,A4,1.8T,Convertible,automatic,wauac48h74k017186,ca,2,144068,white,black,lobel financial corp,2125,1100,Wed Dec 17 2014,11:00:00 GMT-0800 (PST)
2003,Infiniti,FX45,Base,SUV,automatic,jnrbs08w93x002420,ca,25,162446,blue,tan,lobel financial corp,6275,5100,Wed Dec 17 2014,12:30:00 GMT-0800 (PST)
2002,Mercury,Cougar,Base,Hatchback,NA,1zwft61l925616260,ca,NA,109580,white,—,sunny hills auto sales inc,1400,800,Tue Dec 16 2014,12:30:00 GMT-0800 (PST)
2001,Audi,S4,quattro,Sedan,automatic,waurd68d61a093900,ca,23,142299,silver,black,california auto exchange,2050,1800,Wed Dec 17 2014,12:30:00 GMT-0800 (PST)
2000,Toyota,Tundra,SR5,Extended Cab,NA,5tbrt3419ys004178,ca,NA,219937,black,—,v/m auto broker,3000,3000,Tue Dec 16 2014,12:30:00 GMT-0800 (PST)
1999,Honda,Civic,VP,Sedan,automatic,2hgej6614xh570810,ca,1,164960,silver,gray,gosch ford,1100,500,Tue Dec 16 2014,13:00:00 GMT-0800 (PST)
1998,Volvo,S90,Base,Sedan,automatic,yv1ks9609w1124439,ca,2,204947,gray,black,purple heart services inc,575,200,Tue Dec 23 2014,13:40:00 GMT-0800 (PST)
1995,Mercedes-Benz,S-Class,S320 LWB,Sedan,automatic,wdbga33e6sa240718,ca,NA,172358,silver,—,ocean auto sales,1125,1700,Wed Dec 17 2014,12:30:00 GMT-0800 (PST)
1996,Toyota,4Runner,SR5,SUV,automatic,jt3gn86r1t0018360,ca,2,227353,silver,tan,aaero sweet company,1600,1300,Wed Dec 17 2014,11:30:00 GMT-0800 (PST)
1997,Ford,F-150,XLT,Extended Cab,NA,1ftdx1760vna68581,ca,NA,423691,white,—,ana car sale,575,500,Wed Dec 17 2014,12:30:00 GMT-0800 (PST)
1987,mercedes,300e,NA,NA,automatic,wdbea30d7ha447324,ca,2,151242,silver,gray,purple heart services inc,550,300,Wed Dec 17 2014,11:00:00 GMT-0800 (PST)
1994,Lexus,ES 300,Base,Sedan,automatic,jt8gk13t0r0048033,ca,2,230417,white,beige,esquivel auto depot,975,400,Tue Dec 30 2014,13:00:00 GMT-0800 (PST)
1993,ford,taurus,gl,NA,automatic,1facp5246pg168965,ca,1,57432,blue,blue,purple heart services inc,525,250,Tue Dec 23 2014,15:10:00 GMT-0800 (PST)
1992,Honda,Accord,LX,Sedan,NA,jhmcb7659nc032744,ca,NA,198175,gray,—,wondries toyota,600,225,Wed Dec 17 2014,13:30:00 GMT-0800 (PST)
1989,toyota,pickup,4x4 dx,NA,manual,jt4rn01p2k0005711,ca,NA,131187,white,gray,kearny mesa toyota,2875,800,Wed Dec 17 2014,12:00:00 GMT-0800 (PST)
1991,Lexus,LS 400,Base,Sedan,automatic,jt8uf11e5m0094008,ca,2,171533,silver,silver,san diego sports cars,1075,1400,Wed Dec 17 2014,12:15:00 GMT-0800 (PST)
1990,Chevrolet,C/K 1500 Series,454SS,Regular Cab,automatic,1gcdc14n8lz223536,ca,NA,153558,black,purple,california fleet inc,5475,6500,Thu Dec 18 2014,12:00:00 GMT-0800 (PST)
1986,mercedes,420sel,NA,NA,automatic,wdbca35d7ga223579,ca,NA,72250,black,black,mercedes benz of san diego,1625,1400,Wed Dec 17 2014,12:00:00 GMT-0800 (PST)
1985,chevrolet,corvette,NA,NA,manual,1g1yy0782f5105103,az,4,95965,gold,gold,mountain remarketing,2025,3750,Thu Dec 18 2014,11:00:00 GMT-0800 (PST)
1988,,,NA,NA,automatic,wdbba48d1ja084599,fl,2,100459,red,beige,burnyzz llc,5525,6200,Wed Jan 21 2015,07:15:00 GMT-0800 (PST)
1984,chevrolet,corvette,NA,NA,automatic,1g1ay0785e5115849,md,2,46891,black,black,darcars chrysler jeep of rockville,3300,3100,Tue Jan 06 2015,01:30:00 GMT-0800 (PST)
1982,,,NA,NA,automatic,1g1ay0786c5123682,ca,2,85738,gold,gray,livermore toyota and livermore scion,6175,5000,Wed Jan 28 2015,04:30:00 GMT-0800 (PST)
1983,,,NA,NA,automatic,wdbba45a2db024033,fl,3,42697,black,tan,coconut creek auto mall,6050,5250,Thu Feb 26 2015,03:35:00 GMT-0800 (PST)
